{"noiseKey":{"private":{"type":"Buffer","data":"eKwCPc9I9PIYXljRibDDVis4BjVTsYoMFI8v6E7zmno="},"public":{"type":"Buffer","data":"X5yETqedfwXjO1fal8E1i0BPEFUwSawLBFSUOtfj/D0="}},"signedIdentityKey":{"private":{"type":"Buffer","data":"wN98IyuwIOCF+ZNd1xlWVkBPg3MnKBNAFN9W1yrp4F8="},"public":{"type":"Buffer","data":"I5ZjuWQKRZAu8qUclLNf15GsOR32ADbVn3J9BNZpoxI="}},"signedPreKey":{"keyPair":{"private":{"type":"Buffer","data":"CKRs1eIOGY755vzT24XqqTfLyQpJpfzF38MwQAVLeEI="},"public":{"type":"Buffer","data":"dWKOYpRsan8gVB3kgJ2i3LBjLVnDVKOpacRe7Vl/5FU="}},"signature":{"type":"Buffer","data":"X92UA3SXdPpEHN8tKj8i6zfv+PqNrqppEVr20cfljJccYvyNFZgEj/G4fKQK6sB8VXh6WRFOrpqio6uNwmJIAA=="},"keyId":1},"registrationId":19,"advSecretKey":"GeqKwZm8STX+USS1OuMCaTixw6Go0xBDfPudUTGw4gk=","processedHistoryMessages":[{"key":{"remoteJid":"18059363121@s.whatsapp.net","fromMe":true,"id":"9E11BA586540D54970790898CD1588C8"},"messageTimestamp":1683240873},{"key":{"remoteJid":"18059363121@s.whatsapp.net","fromMe":true,"id":"1736990888EFC38AEF9B067EB808682D"},"messageTimestamp":1683240872},{"key":{"remoteJid":"18059363121@s.whatsapp.net","fromMe":true,"id":"8986107A2C6558EFBBD0A72C8BB6E781"},"messageTimestamp":1683240878},{"key":{"remoteJid":"18059363121@s.whatsapp.net","fromMe":true,"id":"497C9BE3F8925115FC246027C56C2A2B"},"messageTimestamp":1683240879}],"nextPreKeyId":66,"firstUnuploadedPreKeyId":66,"accountSyncCounter":1,"accountSettings":{"unarchiveChats":false},"account":{"details":"CJuCuJMGEKLv0KIGGAI=","accountSignatureKey":"UWcNMpaB2n/Ij6ihXgLodPVtlSnnVysb4/nG+vRBIiw=","accountSignature":"i0U9i6MMSVH/4MnDHTeEuOHWFwDAr5D4COjlJTFfDYPxRyxrZPnXvclhlYevaEP849OD3OknGutbXGT50/HHDA==","deviceSignature":"09U4KkxJaHycTjs4x823f8aOkHo+AQegyvL64JRa9LK8xOIayAQ8Qxy6sjNjLPybKWOW6cemRV8rFYwcdfwDDQ=="},"me":{"id":"18059363121:5@s.whatsapp.net","name":"Bot Del Pruebas","jid":"18059363121@s.whatsapp.net"},"signalIdentities":[{"identifier":{"name":"18059363121:5@s.whatsapp.net","deviceId":0},"identifierKey":{"type":"Buffer","data":"BVFnDTKWgdp/yI+ooV4C6HT1bZUp51crG+P5xvr0QSIs"}}],"platform":"android","lastAccountSyncTimestamp":1683241125,"myAppStateKeyId":"AAAAAJc1"}