{"_sessions":{"BdqORSsPnMzb2M9W12ZdDDjVqs19jrPz7eI+gzIJnXd0":{"registrationId":662800901,"currentRatchet":{"ephemeralKeyPair":{"pubKey":"BeNYouLZPfIn3OjTH237etS86t5hTjv1NquWNXF2VlA5","privKey":"UOZXSot9r2x4ARKSn/t12cqWe+kPOWMVMDXscToYrEU="},"lastRemoteEphemeralKey":"BTwDIQiHUynSKvjFDxx8uzTF+ZZI2Xz6tCEWL+4fmatt","previousCounter":0,"rootKey":"5RhHdwXPA4IF40Z3wdLIQfGnCBFvITwfLVugM2rPuEo="},"indexInfo":{"baseKey":"BdqORSsPnMzb2M9W12ZdDDjVqs19jrPz7eI+gzIJnXd0","baseKeyType":1,"closed":-1,"used":1683304758711,"created":1683304758711,"remoteIdentityKey":"BXzkvvBU06yn9ED6+V2ABXh6qXb6wFMWGxHFtyRz1QRU"},"_chains":{"BeNYouLZPfIn3OjTH237etS86t5hTjv1NquWNXF2VlA5":{"chainKey":{"counter":0,"key":"2A/OaiOJWyy/OBVz/2DcF9QXKaekYr+pVsxnKfM2rh4="},"chainType":1,"messageKeys":{}}},"pendingPreKey":{"signedKeyId":0,"baseKey":"BdqORSsPnMzb2M9W12ZdDDjVqs19jrPz7eI+gzIJnXd0"}}},"version":"v1"}