{"_sessions":{"BUgb3go7G5wHjfp+6vjdgbp+gmx5u0M1uq3fgM0FGh8M":{"registrationId":1969333516,"currentRatchet":{"ephemeralKeyPair":{"pubKey":"BRS8/5mydJSaF+6yFr0IgN2V4nYfNc86Zxd3QbOc6AIw","privKey":"WPB7MbpZ5LflMX4fiblcYs8rpS8EIElaA+is24PTLUM="},"lastRemoteEphemeralKey":"BXQLiWWdrjTBgIfXLTQHT4kEbmYV5VcI1U1yCpGB/Dcx","previousCounter":0,"rootKey":"A1zNH+qQWrhE/hlh4tZVWsc7yO9Au92JmmLlXi17v10="},"indexInfo":{"baseKey":"BUgb3go7G5wHjfp+6vjdgbp+gmx5u0M1uq3fgM0FGh8M","baseKeyType":1,"closed":-1,"used":1683306139581,"created":1683304758853,"remoteIdentityKey":"BQspCcO/xAZKwHAt04qD1FFhraoPIiQ/z2HR2jtATtxx"},"_chains":{"BXQLiWWdrjTBgIfXLTQHT4kEbmYV5VcI1U1yCpGB/Dcx":{"chainKey":{"counter":1,"key":"Ao7NUcA0Os3fQtrrHgq7z3tO5YeWSX7sxuwdavTa4UE="},"chainType":2,"messageKeys":{}},"BRS8/5mydJSaF+6yFr0IgN2V4nYfNc86Zxd3QbOc6AIw":{"chainKey":{"counter":3,"key":"dK8z/RnW+QI1CVwRoaZ7pHIsrl9h7S7l+F9o7Pyh/uo="},"chainType":1,"messageKeys":{}}}}},"version":"v1"}