{"_sessions":{"BZ1REqHbV20VQ6dpFONXLWUvuQKghtV+2iV22niQlNwF":{"registrationId":145245871,"currentRatchet":{"ephemeralKeyPair":{"pubKey":"BZth6p9gV2Al6trgjSq2jSF6/JZ04BFJLshwK/sjEW0J","privKey":"YKdxTfu9Sc83CT9BK9zJanWhBkYHk3KxRt8vs3wTJUo="},"lastRemoteEphemeralKey":"BXJzb5imj14LbHuRFFyiwKvOEtt/9HZu/aa79PjgJsNt","previousCounter":1,"rootKey":"3JXmK8R01Frzp3UP7abMLUFm3yHIHkboxNm21WJr6fY="},"indexInfo":{"baseKey":"BZ1REqHbV20VQ6dpFONXLWUvuQKghtV+2iV22niQlNwF","baseKeyType":2,"closed":-1,"used":1683306804509,"created":1683304727547,"remoteIdentityKey":"BbcFsHBE9tQqPZHtmE2B5WOlHVKkh0N3KvuVU4orVdsz"},"_chains":{"BUDnb+t7CQFvzVHZlzwEfoXFYCRn/kv3YubM3ImSWKsw":{"chainKey":{"counter":2},"chainType":2,"messageKeys":{}},"BePoISwpXkk2r6edY6Cu2jFAy2sXEz53GB9BspHL28V5":{"chainKey":{"counter":0},"chainType":2,"messageKeys":{}},"Bdvxl8GpaMqUMMsKcpCmju4hVDRuA+CBWFvwaVlSSWQb":{"chainKey":{"counter":0},"chainType":2,"messageKeys":{}},"BfPJwN64eZuw0lEuD8K+GPe23Zhf4n9W1h0CgLZbMwsv":{"chainKey":{"counter":0},"chainType":2,"messageKeys":{}},"BTgnV8EbJok/PJqMQwzz38j9E9nh+zIBBmo5Kso3QyB1":{"chainKey":{"counter":0},"chainType":2,"messageKeys":{}},"BeJm1pd9a6zYhEftfjuP413n4Jude4VgEXS85TgLeCo1":{"chainKey":{"counter":0},"chainType":2,"messageKeys":{}},"BXJzb5imj14LbHuRFFyiwKvOEtt/9HZu/aa79PjgJsNt":{"chainKey":{"counter":10,"key":"Sg+ptYis9YBzAoQ1QVe2ne0ZxB3wDl9DKo0FyW0dHRs="},"chainType":2,"messageKeys":{"0":"wVVKfAeuY/IcGn1Ks9IsK+/l6L+rwx/xpL/dQS6EXQU="}},"BZth6p9gV2Al6trgjSq2jSF6/JZ04BFJLshwK/sjEW0J":{"chainKey":{"counter":1,"key":"ROyBQvj8xHN9ufWIkv1rttHglau7ZwHsHGVugncCP5Y="},"chainType":1,"messageKeys":{}}}}},"version":"v1"}