{"_sessions":{"BRvlexgqE+KdbjprLDOo/D5EVQ5DSuq89lcyW+uqbp9j":{"registrationId":40,"currentRatchet":{"ephemeralKeyPair":{"pubKey":"BRPk3J4T7c8Xa/Ob5dHRoUjbsexqzjzKfPPqCIOY6/ta","privKey":"4CXnXpnVcnnXqmGlt87VKphfskeKoLrXRP2Zt3xep1s="},"lastRemoteEphemeralKey":"Bem0SIY1RxIeQjr/IsOwr3Jk3+7LMtaTHxT8+lU0+TNY","previousCounter":0,"rootKey":"1ti/EJGgjecNRH7eVkFtpR/XuWPF/eTkOgl9ixYFm84="},"indexInfo":{"baseKey":"BRvlexgqE+KdbjprLDOo/D5EVQ5DSuq89lcyW+uqbp9j","baseKeyType":1,"closed":-1,"used":1683304785578,"created":1683304758625,"remoteIdentityKey":"BUWIjyM9M5fzNkImQqFPnAfOD6v0eshldCeg8vzD7qlh"},"_chains":{"Bem0SIY1RxIeQjr/IsOwr3Jk3+7LMtaTHxT8+lU0+TNY":{"chainKey":{"counter":0,"key":"JrtKDtRgBvt8d77Nj/vi39ugPi5yl0Q9VdocDFS6g78="},"chainType":2,"messageKeys":{}},"BRPk3J4T7c8Xa/Ob5dHRoUjbsexqzjzKfPPqCIOY6/ta":{"chainKey":{"counter":-1,"key":"FIt3YmhBWeswf0XMceqW+62nSkPlK4JSHORGXVzWSIw="},"chainType":1,"messageKeys":{}}}}},"version":"v1"}