{"_sessions":{"Ba7ILGLref90iRn1XZAWuJLyFU8wcTT0jSh/XoY6g75G":{"registrationId":246588101,"currentRatchet":{"ephemeralKeyPair":{"pubKey":"BTAxei3Bv+gxegQ4fvmG+cmSHn8Xty8Z2IkMi2ct8LBe","privKey":"qE3aISYvh1aPwFK64OwT6kitMXpwhM7A5uypVe0aZ04="},"lastRemoteEphemeralKey":"BXNCELxlB6gtjpXE/59pReADzyVb9iCIwDXDpruI8Hxy","previousCounter":0,"rootKey":"pD+peQvc9vqNUIfidKVcufWSEDNxhxew1TEbQRsK08I="},"indexInfo":{"baseKey":"Ba7ILGLref90iRn1XZAWuJLyFU8wcTT0jSh/XoY6g75G","baseKeyType":1,"closed":-1,"used":1683306296618,"created":1683306277468,"remoteIdentityKey":"Been57XOkO9KAuznOr46XQwJ0Tckw2vyDVfIERKkQlpE"},"_chains":{"BXNCELxlB6gtjpXE/59pReADzyVb9iCIwDXDpruI8Hxy":{"chainKey":{"counter":0,"key":"kvKrPZfi04KcdVfwRfCAy0y1nm87+Te8L4DZcjxtAJM="},"chainType":2,"messageKeys":{}},"BTAxei3Bv+gxegQ4fvmG+cmSHn8Xty8Z2IkMi2ct8LBe":{"chainKey":{"counter":-1,"key":"9Lly1v1pmXK8u5TjJZ/whjhyVmNQV4F1x+xm6tkGJPg="},"chainType":1,"messageKeys":{}}}}},"version":"v1"}