{"_sessions":{"BRxjeSWLMVxqgqEu5nyepdmCSkWFrIhn2aaKKJVTD7Z9":{"registrationId":241,"currentRatchet":{"ephemeralKeyPair":{"pubKey":"BXPl1+jDP3ixIWNsVXjzCaa0Q4FL5jJ9AyAwthjYoDY5","privKey":"QGb9IR46aZtlIvLl23uptUL1Jqw/On7NukXYdyRfK2E="},"lastRemoteEphemeralKey":"BXmqtuNyB8hR+J+EdHkd4npDPX3aY/ItbaEXw4DOqihh","previousCounter":0,"rootKey":"Dv7yBMZT+XlE/3so1FO6d8j1w1R28qpqfHJj/t2ajXQ="},"indexInfo":{"baseKey":"BRxjeSWLMVxqgqEu5nyepdmCSkWFrIhn2aaKKJVTD7Z9","baseKeyType":1,"closed":-1,"used":1683304758564,"created":1683304758564,"remoteIdentityKey":"BZEVRtDv5GTtqPkVv5JO7Tq60AoLAoaXjGDWWepd4lcJ"},"_chains":{"BXPl1+jDP3ixIWNsVXjzCaa0Q4FL5jJ9AyAwthjYoDY5":{"chainKey":{"counter":9,"key":"wfanmqh+OS/OL+ZVXqyy72DLPweBaHIWPkxYObw77NY="},"chainType":1,"messageKeys":{}}},"pendingPreKey":{"signedKeyId":1,"baseKey":"BRxjeSWLMVxqgqEu5nyepdmCSkWFrIhn2aaKKJVTD7Z9","preKeyId":48}}},"version":"v1"}