{"_sessions":{"BXQJVBMrspUFpJtgDy7Xmd6bkgBZU7+vm9onhOw33OE+":{"registrationId":830085148,"currentRatchet":{"ephemeralKeyPair":{"pubKey":"BUjEVHviHJJDqQtlBsFSPhgoIYQ05FYFMCi1IBSPDKst","privKey":"sJqAyhdYsMAZH82oabxjf/uFChPmPMSNeCxmki+qdE4="},"lastRemoteEphemeralKey":"BVyW++gTrQMv9JNrn/kb/8miv1mU9Nh9Yln0q+kDaEUH","previousCounter":0,"rootKey":"Bvdpzu0qJ7B7hWDbwTzwJmP+tKLBabtFJVnTkyJ6L4s="},"indexInfo":{"baseKey":"BXQJVBMrspUFpJtgDy7Xmd6bkgBZU7+vm9onhOw33OE+","baseKeyType":1,"closed":-1,"used":1683304758776,"created":1683304758776,"remoteIdentityKey":"BdBcaOEK8fex8WA3vjX0vFYmUykO9aY7YXpQU/tGn6sv"},"_chains":{"BUjEVHviHJJDqQtlBsFSPhgoIYQ05FYFMCi1IBSPDKst":{"chainKey":{"counter":0,"key":"VBBhicxgHuCsEIe6YRC4IKfVVgGYM/ZZgwYjjhfajfo="},"chainType":1,"messageKeys":{}}},"pendingPreKey":{"signedKeyId":3,"baseKey":"BXQJVBMrspUFpJtgDy7Xmd6bkgBZU7+vm9onhOw33OE+","preKeyId":10755723}}},"version":"v1"}