{"_sessions":{"BVDalgntsqJCmmrZxVcwfLdDSxX6nV9tP3OJA+ewIcs7":{"registrationId":1295723311,"currentRatchet":{"ephemeralKeyPair":{"pubKey":"BYi0ZvL2K427TwOmTjqeMAqaghxZrTRFDuSGfaPpsHYk","privKey":"6JTqq8e0QIMdJ7B4PRV8LpLKRG0g6NGU6adRItU0eWg="},"lastRemoteEphemeralKey":"BVLVGJMfKm1XDLrBlkA2UgYHiRhEcOnWjbid0vWB60oM","previousCounter":0,"rootKey":"FYT3FIfB9O6yLtNWtTEhOa0z0sFx3mpC8ZlP3qJ9QqA="},"indexInfo":{"baseKey":"BVDalgntsqJCmmrZxVcwfLdDSxX6nV9tP3OJA+ewIcs7","baseKeyType":1,"closed":-1,"used":1683304758647,"created":1683304758647,"remoteIdentityKey":"BVFnDTKWgdp/yI+ooV4C6HT1bZUp51crG+P5xvr0QSIs"},"_chains":{"BYi0ZvL2K427TwOmTjqeMAqaghxZrTRFDuSGfaPpsHYk":{"chainKey":{"counter":14,"key":"pA1xeCowTJgHlad2bjvRrIdAFOmBlj/LbdPzQUTjwzw="},"chainType":1,"messageKeys":{}}},"pendingPreKey":{"signedKeyId":0,"baseKey":"BVDalgntsqJCmmrZxVcwfLdDSxX6nV9tP3OJA+ewIcs7","preKeyId":12857401}}},"version":"v1"}