{"_sessions":{"Bf39+MPTgVt0xpB/y+dzMNT4ZeHr79T3Rq13ZCdbk9pc":{"registrationId":184054177,"currentRatchet":{"ephemeralKeyPair":{"pubKey":"BT2klkx28ul8OKPr87eAYBLhC1+YTPvYhh7O7LwPUeMZ","privKey":"WCqDFMZpd45CnTCqddzJ6baU0ulIoN8Lny6T2Qqg5Vo="},"lastRemoteEphemeralKey":"BcJx9LzvIQmpRxY2VdJfFyw/9I4OmOkxB9AC7z8jJHUv","previousCounter":0,"rootKey":"oL0B4uVKjK7Cw5E01GkiwdHmIYY3z2Tu+gXYT66RVBc="},"indexInfo":{"baseKey":"Bf39+MPTgVt0xpB/y+dzMNT4ZeHr79T3Rq13ZCdbk9pc","baseKeyType":1,"closed":-1,"used":1683304758811,"created":1683304758811,"remoteIdentityKey":"BTI+84erVE8VcG2z9fC67nB/QnmgTUAlf69CAyUoQB9l"},"_chains":{"BT2klkx28ul8OKPr87eAYBLhC1+YTPvYhh7O7LwPUeMZ":{"chainKey":{"counter":0,"key":"/8CjARmyRy8Of0yADICRIQb/45FwTshwmjO+g3Ng0bI="},"chainType":1,"messageKeys":{}}},"pendingPreKey":{"signedKeyId":3,"baseKey":"Bf39+MPTgVt0xpB/y+dzMNT4ZeHr79T3Rq13ZCdbk9pc","preKeyId":7495941}}},"version":"v1"}