{"_sessions":{"BWkNznwO/lB8vqIL/RbqEZCcIKXREX3lhWz5qrn3/JJk":{"registrationId":135489230,"currentRatchet":{"ephemeralKeyPair":{"pubKey":"BRGRJS/+1J3vDQfzfspSEHJImmc+u/1JqkxraNdgNflZ","privKey":"8Pt9jv+pDzJ7y8OQ1fGhVT0v6wQLChFHXh033MLvmmo="},"lastRemoteEphemeralKey":"BSPAhu1f5PZ5xdX3sQ8mYGLE8WJSRdvL6O6PqvQ+ND5J","previousCounter":0,"rootKey":"ES81PYZNm77S3o1gOGzkRPweGRaYQyK2ju3LbSVx7nM="},"indexInfo":{"baseKey":"BWkNznwO/lB8vqIL/RbqEZCcIKXREX3lhWz5qrn3/JJk","baseKeyType":1,"closed":-1,"used":1683304758747,"created":1683304758747,"remoteIdentityKey":"BfPzYf4q0Fqed+3wcA/Ns7lxI0JLmBIZ/GpxdB+b7Nk1"},"_chains":{"BRGRJS/+1J3vDQfzfspSEHJImmc+u/1JqkxraNdgNflZ":{"chainKey":{"counter":0,"key":"JcZFdF/XvMlKcqRpT66V+T/DUkFrAMeooVjIg2SPe38="},"chainType":1,"messageKeys":{}}},"pendingPreKey":{"signedKeyId":1,"baseKey":"BWkNznwO/lB8vqIL/RbqEZCcIKXREX3lhWz5qrn3/JJk","preKeyId":2351390}}},"version":"v1"}